"Symbol","Name","LastSale","MarketCap","ADR TSO","IPOyear","Sector","industry","Summary Quote",
"XXII","22nd Century Group, Inc","2.55","151984304.4","n/a","n/a","Consumer Non-Durables","Farming/Seeds/Milling","http://www.nasdaq.com/symbol/xxii",
"FAX","Aberdeen Asia-Pacific Income Fund Inc","5.95","1587804671.6","n/a","1986","n/a","n/a","http://www.nasdaq.com/symbol/fax",
"IAF","Aberdeen Australia Equity Fund Inc","8.61","197387005.2","n/a","n/a","n/a","n/a","http://www.nasdaq.com/symbol/iaf",
"CH","Aberdeen Chile Fund, Inc.","9.18","86168042.46","n/a","n/a","n/a","n/a","http://www.nasdaq.com/symbol/ch",
"ETF","Aberdeen Emerging Markets Smaller Company Opportunities Fund I","14.54","141979203.28","n/a","1992","n/a","n/a","http://www.nasdaq.com/symbol/etf",
"FCO","Aberdeen Global Income Fund, Inc.","11.2","102990272","n/a","1992","n/a","n/a","http://www.nasdaq.com/symbol/fco",
"IF","Aberdeen Indonesia Fund, Inc.","9.95","94378207.65","n/a","1990","n/a","n/a","http://www.nasdaq.com/symbol/if",
"ISL","Aberdeen Israel Fund, Inc.","17.6694","72607451.868","n/a","1992","n/a","n/a","http://www.nasdaq.com/symbol/isl",
"ACU","Acme United Corporation.","16.93","54787291.51","n/a","1988","Capital Goods","Industrial Machinery/Components","http://www.nasdaq.com/symbol/acu",
"ATNM","Actinium Pharmaceuticals, Inc.","5.97","168037972.08","n/a","n/a","Finance","Business Services","http://www.nasdaq.com/symbol/atnm",
"AE","Adams Resources & Energy, Inc.","58.49","246687190.04","n/a","n/a","Energy","Oil Refining/Marketing","http://www.nasdaq.com/symbol/ae",
"ADK","Adcare Health Systems Inc","4.752","84640438.08","n/a","n/a","Health Care","Hospital/Nursing Management","http://www.nasdaq.com/symbol/adk",
"ADK^A","Adcare Health Systems Inc","27.2","0","n/a","n/a","n/a","n/a","http://www.nasdaq.com/symbol/adk^a",
"API","Advanced Photonix, Inc.","0.58","21681219.54","n/a","n/a","Technology","Semiconductors","http://www.nasdaq.com/symbol/api",
"ACY","AeroCentury Corp.","11.36","17531399.52","n/a","n/a","Technology","Diversified Commercial Services","http://www.nasdaq.com/symbol/acy",
"AIRI","Air Industries Group","10.47","74297653.74","n/a","n/a","Capital Goods","Military/Government/Technical","http://www.nasdaq.com/symbol/airi",
"AA^","Alcoa Inc.","88.4254","0","n/a","n/a","Capital Goods","Metal Fabrications","http://www.nasdaq.com/symbol/aa^",
"AXX","Alderon Iron Ore Corp.","0.8701","113238439.7067","n/a","n/a","Basic Industries","Precious Metals","http://www.nasdaq.com/symbol/axx",
"AXU","Alexco Resource Corp","0.9049","62143010.3002","n/a","n/a","Basic Industries","Precious Metals","http://www.nasdaq.com/symbol/axu",
"ANV","Allied Nevada Gold Corp.","3.53","367943379.56","n/a","n/a","Basic Industries","Precious Metals","http://www.nasdaq.com/symbol/anv",
"AAU","Almaden Minerals, Ltd.","1.58","108590747.18","n/a","n/a","Basic Industries","Precious Metals","http://www.nasdaq.com/symbol/aau",
"APT","Alpha Pro Tech, Ltd.","2.63","47755826.67","n/a","n/a","Health Care","Industrial Specialties","http://www.nasdaq.com/symbol/apt",
"ALTV","Alteva (D/B/A)","7.46","44635798.46","n/a","n/a","Public Utilities","Telecommunications Equipment","http://www.nasdaq.com/symbol/altv",
"AAMC","Altisource Asset Management Corp","695.07","1558814027.04","n/a","n/a","Finance","Real Estate","http://www.nasdaq.com/symbol/aamc",
"DIT","AMCON Distributing Company","84.97","51203091.94","n/a","n/a","Consumer Non-Durables","Food Distributors","http://www.nasdaq.com/symbol/dit",
"APP","American Apparel Inc","0.8894","154899473.791","n/a","n/a","Finance","Business Services","http://www.nasdaq.com/symbol/app",
"ADGE","American DG Energy Inc.","1.26","66437373.24","n/a","n/a","Energy","Electric Utilities: Central","http://www.nasdaq.com/symbol/adge",
"AMZG","American Eagle Energy Corporation.","4.94","150414033.9","n/a","n/a","Basic Industries","Precious Metals","http://www.nasdaq.com/symbol/amzg",
"ALN","American Lorain Corporation","1.24","42924725.36","n/a","n/a","Consumer Non-Durables","Packaged Foods","http://www.nasdaq.com/symbol/aln",
"AMS","American Shared Hospital Services","2.1199","11153578.263","n/a","n/a","Health Care","Medical Specialities","http://www.nasdaq.com/symbol/ams",
"AQQ","American Spectrum Realty, Inc.","1.68","6262872","n/a","n/a","Consumer Services","Real Estate Investment Trusts","http://www.nasdaq.com/symbol/aqq",
"AMPE","Ampio Pharmaceuticals, Inc.","3.6","187100157.6","n/a","n/a","Health Care","Major Pharmaceuticals","http://www.nasdaq.com/symbol/ampe",
"AXN","Aoxing Pharmaceutical Company, Inc.","0.2599","12962466.2378","n/a","n/a","Health Care","Major Pharmaceuticals","http://www.nasdaq.com/symbol/axn",
"AMCO","Armco Metals Holdings, Inc.","0.17","9404186.65","n/a","n/a","Consumer Durables","Steel/Iron Ore","http://www.nasdaq.com/symbol/amco",
"HRT","Arrhythmia Research Technology Inc.","6.95","19055781.05","n/a","n/a","Health Care","Biotechnology: Electromedical & Electrotherapeutic Apparatus","http://www.nasdaq.com/symbol/hrt",
"AKG","Asanko Gold Inc.","2.25","389737703.25","n/a","n/a","Basic Industries","Mining & Quarrying of Nonmetallic Minerals (No Fuels)","http://www.nasdaq.com/symbol/akg",
"ATL","Atlatsa Resources Corporation","0.325","180143753.725","n/a","n/a","Basic Industries","Precious Metals","http://www.nasdaq.com/symbol/atl",
"AZC","Augusta Resource Corporation","3.38","511979530.92","n/a","n/a","Basic Industries","Precious Metals","http://www.nasdaq.com/symbol/azc",
"AWX","Avalon Holdings Corporation","3.71","14110358.01","n/a","n/a","Public Utilities","Environmental Services","http://www.nasdaq.com/symbol/awx",
"AVL","Avalon Rare Metals, Inc.","0.37","46747163.82","n/a","n/a","Basic Industries","Precious Metals","http://www.nasdaq.com/symbol/avl",
"ASM","Avino Silver","1.869","60991258.293","n/a","n/a","Basic Industries","Precious Metals","http://www.nasdaq.com/symbol/asm",
"BTG","B2Gold Corp","2.11","1435266788.97","n/a","n/a","Basic Industries","Precious Metals","http://www.nasdaq.com/symbol/btg",
"BONE","Bacterin International Holdings, Inc.","5.04","33616255.68","n/a","n/a","Health Care","Biotechnology: Biological Products (No Diagnostic Substances)","http://www.nasdaq.com/symbol/bone",
"BTN","Ballantyne Strong, Inc","4.56","64666372.32","n/a","n/a","Miscellaneous","Industrial Machinery/Components","http://www.nasdaq.com/symbol/btn",
"BKJ","Bancorp of New Jersey, Inc","11.2","60138220.8","n/a","n/a","Finance","Major Banks","http://www.nasdaq.com/symbol/bkj",
"BCV","Bancroft Fund Limited","20.08","105265203.28","n/a","n/a","n/a","n/a","http://www.nasdaq.com/symbol/bcv",
"BAA","BANRO CORPORATION","0.2354","59344498.1888","n/a","n/a","Basic Industries","Precious Metals","http://www.nasdaq.com/symbol/baa",
"BHB","Bar Harbor Bankshares, Inc.","27.52","163211598.08","n/a","n/a","Finance","Major Banks","http://www.nasdaq.com/symbol/bhb",
"BRN","Barnwell Industries, Inc.","2.94","24334850.4","n/a","n/a","Energy","Oil & Gas Production","http://www.nasdaq.com/symbol/brn",
"BXE","Bellatrix Exploration Ltd","6.9","1320417879","n/a","n/a","Energy","Oil & Gas Production","http://www.nasdaq.com/symbol/bxe",
"BIR^A","Berkshire Income Realty, Inc.","27.2601","0","n/a","n/a","n/a","n/a","http://www.nasdaq.com/symbol/bir^a",
"BTX","BioTime, Inc.","3.57","263074378.14","n/a","n/a","Health Care","Biotechnology: Biological Products (No Diagnostic Substances)","http://www.nasdaq.com/symbol/btx",
"BGI","Birks Group Inc.","1.0501","18743769.4009","n/a","n/a","n/a","n/a","http://www.nasdaq.com/symbol/bgi",
"BQY","BlackRock Dividend Income Trust","13.25","79937621","n/a","2004","n/a","n/a","http://www.nasdaq.com/symbol/bqy",
"BZM","BlackRock Maryland Municipal Bond Trust","14.7","30492768.6","n/a","2002","n/a","n/a","http://www.nasdaq.com/symbol/bzm",
"MHE","BlackRock Massachusetts Tax-Exempt Trust","14.07","33238756.95","n/a","1993","n/a","n/a","http://www.nasdaq.com/symbol/mhe",
"BLE","BlackRock Municipal Income Trust II","14.41","337957960.56","n/a","2002","n/a","n/a","http://www.nasdaq.com/symbol/ble",
"BLJ","Blackrock New Jersey Municipal Bond Trust","14.7","34176279.9","n/a","2002","n/a","n/a","http://www.nasdaq.com/symbol/blj",
"BFY","BlackRock New York Municipal Income Trust II","13.85","69234917.35","n/a","2002","n/a","n/a","http://www.nasdaq.com/symbol/bfy",
"BPS","BlackRock Pennsylvania Strategic Municipal Trust (The)","12.5829","25569899.8335","n/a","1999","n/a","n/a","http://www.nasdaq.com/symbol/bps",
"BHV","BlackRock Virginia Municipal Bond Trust","16.22","25763929.1","n/a","2002","n/a","n/a","http://www.nasdaq.com/symbol/bhv",
"BDR","Blonder Tongue Laboratories, Inc.","1.35","8392102.2","n/a","n/a","Technology","Radio And Television Broadcasting And Communications Equipment","http://www.nasdaq.com/symbol/bdr",
"BRG","Bluerock Residential Growth REIT, Inc.","13.81","76737101.73","n/a","2014","Consumer Services","Real Estate Investment Trusts","http://www.nasdaq.com/symbol/brg",
"BVX","Bovie Medical Corporation","4.26","76306466.16","n/a","n/a","Health Care","Medical/Dental Instruments","http://www.nasdaq.com/symbol/bvx",
"BWL/A","Bowl America, Inc.","14.53","0","n/a","n/a","Consumer Services","Services-Misc. Amusement & Recreation","http://www.nasdaq.com/symbol/bwl/a",
"BZC","Breeze-Eastern Corporation","10.15","98998745.65","n/a","n/a","Capital Goods","Military/Government/Technical","http://www.nasdaq.com/symbol/bzc",
"BTI","British American Tobacco p.l.c.","118.05","100423492570.35","n/a","n/a","Consumer Non-Durables","Farming/Seeds/Milling","http://www.nasdaq.com/symbol/bti",
"CAK","CAMAC Energy Inc.","0.51","643390911.57","n/a","n/a","Energy","Oil & Gas Production","http://www.nasdaq.com/symbol/cak",
"CANF","Can-Fite Biopharma Ltd","3.67","28814502.21","n/a","n/a","Health Care","Major Pharmaceuticals","http://www.nasdaq.com/symbol/canf",
"ROX","Castle Brands, Inc.","1.095","169808394.105","n/a","2006","Consumer Non-Durables","Beverages (Production/Distribution)","http://www.nasdaq.com/symbol/rox",
"CAW","CCA Industries, Inc.","3.3501","23473092.0684","n/a","n/a","Consumer Non-Durables","Package Goods/Cosmetics","http://www.nasdaq.com/symbol/caw",
"CVM","Cel-Sci Corporation","1","79675776","n/a","n/a","Health Care","Biotechnology: Biological Products (No Diagnostic Substances)","http://www.nasdaq.com/symbol/cvm",
"CVM/WS","Cel-Sci Corporation","0.2599","0","n/a","n/a","n/a","n/a","http://www.nasdaq.com/symbol/cvm/ws",
"CEF","Central Fund of Canada Limited","13.01","3310169596.13","n/a","n/a","n/a","n/a","http://www.nasdaq.com/symbol/cef",
"GTU","Central Gold Trust","42.38","817891620","n/a","n/a","n/a","n/a","http://www.nasdaq.com/symbol/gtu",
"CET","Central Securities Corporation","23.33","562657145.59","n/a","n/a","n/a","n/a","http://www.nasdaq.com/symbol/cet",
"CCF","Chase Corporation","33.65","307183379.7","n/a","n/a","Consumer Durables","Building Products","http://www.nasdaq.com/symbol/ccf",
"CQH","Cheniere Energy Partners LP Holdings, LLC","25","5792500000","n/a","2013","Public Utilities","Oil/Gas Transmission","http://www.nasdaq.com/symbol/cqh",
"CQP","Cheniere Energy Partners, LP","32.76","11066197385.88","n/a","2007","Public Utilities","Oil/Gas Transmission","http://www.nasdaq.com/symbol/cqp",
"LNG","Cheniere Energy, Inc.","82.64","19668139596.88","n/a","n/a","Public Utilities","Oil/Gas Transmission","http://www.nasdaq.com/symbol/lng",
"CVR","Chicago Rivet & Machine Co.","33.25","32123889","n/a","n/a","Technology","Industrial Machinery/Components","http://www.nasdaq.com/symbol/cvr",
"CNR","China Metro-Rural Holdings Limited","0.9","66189403.8","n/a","n/a","Finance","Real Estate","http://www.nasdaq.com/symbol/cnr",
"CPHI","China Pharma Holdings, Inc.","0.2301","10027656.0657","n/a","n/a","Health Care","Major Pharmaceuticals","http://www.nasdaq.com/symbol/cphi",
"CKX","CKX Lands, Inc.","15.97","31021645.15","n/a","n/a","Energy","Oil & Gas Production","http://www.nasdaq.com/symbol/ckx",
"GLV","Clough Global Allocation Fund","15.01","156623436.06","n/a","2004","n/a","n/a","http://www.nasdaq.com/symbol/glv",
"GLQ","Clough Global Equity Fund","14.9099","266003127.4795","n/a","2005","n/a","n/a","http://www.nasdaq.com/symbol/glq",
"GLO","Clough Global Opportunities Fund","12.53","648262843.27","n/a","2006","n/a","n/a","http://www.nasdaq.com/symbol/glo",
"CRV","Coast Distribution System, Inc. (The)","3.249","17270397.396","n/a","n/a","Capital Goods","Automotive Aftermarket","http://www.nasdaq.com/symbol/crv",
"MOC","Command Security Corporation","2.14","20379290.62","n/a","n/a","Consumer Services","Diversified Commercial Services","http://www.nasdaq.com/symbol/moc",
"CIX","CompX International Inc.","11.27","139794285.89","n/a","1998","Capital Goods","Industrial Machinery/Components","http://www.nasdaq.com/symbol/cix",
"LODE","Comstock Mining, Inc.","1.41","119112849.18","n/a","n/a","Basic Industries","Precious Metals","http://www.nasdaq.com/symbol/lode",
"CTO","Consolidated-Tomoka Land Co.","52.97","310156247.43","n/a","n/a","Finance","Real Estate","http://www.nasdaq.com/symbol/cto",
"CEP","Constellation Energy Partners, LLC","3.8","111031823.8","n/a","n/a","Energy","Oil & Gas Production","http://www.nasdaq.com/symbol/cep",
"MCF","Contango Oil & Gas Company","37.43","725402607.78","n/a","n/a","Energy","Oil & Gas Production","http://www.nasdaq.com/symbol/mcf",
"CUO","Continental Materials Corporation","17.23","28432377.41","n/a","n/a","Capital Goods","Building Materials","http://www.nasdaq.com/symbol/cuo",
"CMT","Core Molding Technologies Inc","14","107334794","n/a","n/a","Consumer Non-Durables","Plastic Products","http://www.nasdaq.com/symbol/cmt",
"CRMD","CorMedix Inc","1.73","38064093.18","n/a","n/a","Health Care","Major Pharmaceuticals","http://www.nasdaq.com/symbol/crmd",
"CRMD/WS","CorMedix Inc","0.35","0","n/a","n/a","n/a","n/a","http://www.nasdaq.com/symbol/crmd/ws",
"CFP","Cornerstone Progressive Return Fund","4.55","297868812.15","n/a","n/a","n/a","n/a","http://www.nasdaq.com/symbol/cfp",
"CRF","Cornerstone Strategic Return Fund, Inc. (The)","5.741","101505891.893","n/a","n/a","n/a","n/a","http://www.nasdaq.com/symbol/crf",
"CLM","Cornerstone Strategic Value Fund, Inc.","6.09","197515435.32","n/a","1987","n/a","n/a","http://www.nasdaq.com/symbol/clm",
"COVR","Cover-All Technologies Inc.","1.13","30101479.01","n/a","n/a","Technology","Computer Software: Prepackaged Software","http://www.nasdaq.com/symbol/covr",
"CVU","CPI Aerostructures, Inc.","10.79","91532778.48","n/a","n/a","Capital Goods","Military/Government/Technical","http://www.nasdaq.com/symbol/cvu",
"CIK","Credit Suisse Asset Management Income Fund, Inc.","3.51","183363639.03","n/a","n/a","n/a","n/a","http://www.nasdaq.com/symbol/cik",
"DHY","Credit Suisse High Yield Bond Fund","3.17","311002651.64","n/a","1998","n/a","n/a","http://www.nasdaq.com/symbol/dhy",
"EXE","Crexendo, Inc.","2.95","33046619.8","n/a","n/a","Technology","EDP Services","http://www.nasdaq.com/symbol/exe",
"CRVP","Crystal Rock Holdings, Inc.","0.81","17301932.91","n/a","n/a","Consumer Non-Durables","Food Distributors","http://www.nasdaq.com/symbol/crvp",
"CTP","CTPartners Executive Search Inc.","18.87","136765551.99","n/a","2010","Technology","Diversified Commercial Services","http://www.nasdaq.com/symbol/ctp",
"DAKP","Dakota Plains Holdings, Inc.","2.54","139447998.98","n/a","n/a","Energy","Oil Refining/Marketing","http://www.nasdaq.com/symbol/dakp",
"DXR","Daxor Corporation","6.606","26649092.844","n/a","n/a","Health Care","Medical/Dental Instruments","http://www.nasdaq.com/symbol/dxr",
"DEJ","Dejour Energy Inc.","0.255","46260856.62","n/a","n/a","Energy","Oil & Gas Production","http://www.nasdaq.com/symbol/dej",
"VCF","Delaware Investments Colorado Municipal Income Fund, Inc","14.69","71056999","n/a","1993","n/a","n/a","http://www.nasdaq.com/symbol/vcf",
"VFL","Delaware Investments Florida Insured Municipal Income Fund","12.79","57918785.97","n/a","1993","n/a","n/a","http://www.nasdaq.com/symbol/vfl",
"VMM","Delaware Investments Minnesota Municipal Income Fund II, Inc.","13.53","155662311.75","n/a","1993","n/a","n/a","http://www.nasdaq.com/symbol/vmm",
"DLA","Delta Apparel, Inc.","8.67","68299433.58","n/a","n/a","Consumer Non-Durables","Apparel","http://www.nasdaq.com/symbol/dla",
"DNN","Denison Mine Corp","1.22","616645576.68","n/a","n/a","Basic Industries","Precious Metals","http://www.nasdaq.com/symbol/dnn",
"DGSE","DGSE Companies, Inc.","1.41","17235253.44","n/a","n/a","Consumer Services","Consumer Specialties","http://www.nasdaq.com/symbol/dgse",
"DPW","Digital Power Corporation","1.19","8026275.11","n/a","n/a","Capital Goods","Industrial Machinery/Components","http://www.nasdaq.com/symbol/dpw",
"DSS","Document Security Systems, Inc.","1.16","48967934.92","n/a","n/a","Technology","EDP Services","http://www.nasdaq.com/symbol/dss",
"DMF","Dreyfus Municipal Income, Inc.","9.13","189125667.5","n/a","1988","n/a","n/a","http://www.nasdaq.com/symbol/dmf",
"GRF","Eagle Capital Growth Fund, Inc.","7.75","24219711","n/a","n/a","n/a","n/a","http://www.nasdaq.com/symbol/grf",
"ESTE","Earthstone Energy, Inc.","29.05","50472051","n/a","n/a","Energy","Oil & Gas Production","http://www.nasdaq.com/symbol/este",
"EVM","Eaton Vance California Municipal Bond Fund","11.53","246726849.58","n/a","2002","n/a","n/a","http://www.nasdaq.com/symbol/evm",
"EIA","Eaton Vance California Municipal Bond Fund II","12.13","47127839.9","n/a","2002","n/a","n/a","http://www.nasdaq.com/symbol/eia",
"CEV","Eaton Vance California Municipal Income Trust","12.29","89238611.75","n/a","1999","n/a","n/a","http://www.nasdaq.com/symbol/cev",
"EVV","Eaton Vance Limited Duration Income Fund","14.74","1732643045.32","n/a","2003","n/a","n/a","http://www.nasdaq.com/symbol/evv",
"MAB","Eaton Vance Massachusetts Municipal Bond Fund","14.06","24865306.84","n/a","2002","n/a","n/a","http://www.nasdaq.com/symbol/mab",
"MMV","Eaton Vance Massachusetts Municipal Income Trust","13.2199","36361612.5679","n/a","1999","n/a","n/a","http://www.nasdaq.com/symbol/mmv",
"MIW","Eaton Vance Michigan Municipal Bond Fund","13.3","20137064.5","n/a","2002","n/a","n/a","http://www.nasdaq.com/symbol/miw",
"EMI","Eaton Vance Michigan Municipal Income Trust","12.44","26326697.36","n/a","1999","n/a","n/a","http://www.nasdaq.com/symbol/emi",
"EIM","Eaton Vance Municipal Bond Fund","12.5","852103125","n/a","2002","n/a","n/a","http://www.nasdaq.com/symbol/eim",
"EIV","Eaton Vance Municipal Bond Fund II","12.51","125267396.31","n/a","2002","n/a","n/a","http://www.nasdaq.com/symbol/eiv",
"EMJ","Eaton Vance New Jersey Municipal Bond Fund","12.65","33002711.5","n/a","2002","n/a","n/a","http://www.nasdaq.com/symbol/emj",
"EVJ","Eaton Vance New Jersey Municipal Income Trust","12.2","57085727.6","n/a","1999","n/a","n/a","http://www.nasdaq.com/symbol/evj",
"ENX","Eaton Vance New York Municipal Bond Fund","12.25","192099416.25","n/a","2002","n/a","n/a","http://www.nasdaq.com/symbol/enx",
"NYH","Eaton Vance New York Municipal Bond Fund II","11.9","30546597.9","n/a","2002","n/a","n/a","http://www.nasdaq.com/symbol/nyh",
"EVY","Eaton Vance New York Municipal Income Trust","13.59","74405182.05","n/a","1999","n/a","n/a","http://www.nasdaq.com/symbol/evy",
"EIO","Eaton Vance Ohio Municipal Bond Fund","12.5","31712487.5","n/a","2002","n/a","n/a","http://www.nasdaq.com/symbol/eio",
"EVO","Eaton Vance Ohio Municipal Income Trust","13.4301","38371904.2257","n/a","1999","n/a","n/a","http://www.nasdaq.com/symbol/evo",
"EIP","Eaton Vance Pennsylvania Municipal Bond Fund","12.79","37855317.61","n/a","2002","n/a","n/a","http://www.nasdaq.com/symbol/eip",
"EVP","Eaton Vance Pennsylvania Municipal Income Trust","12","32644968","n/a","1999","n/a","n/a","http://www.nasdaq.com/symbol/evp",
"ELMD","Electromed, Inc.","1.41","11441095.32","n/a","2011","Health Care","Biotechnology: Electromedical & Electrotherapeutic Apparatus","http://www.nasdaq.com/symbol/elmd",
"ETAK","Elephant Talk Communications Corp.","1.11","163373738.28","n/a","n/a","Public Utilities","Telecommunications Equipment","http://www.nasdaq.com/symbol/etak",
"ELLO","Ellomay Capital Ltd.","9.8","104785235.8","n/a","n/a","Public Utilities","Electric Utilities: Central","http://www.nasdaq.com/symbol/ello",
"ECF","Ellsworth Convertible Growth and Income Fund, Inc.","8.82","115900903.44","n/a","1986","n/a","n/a","http://www.nasdaq.com/symbol/ecf",
"EMAN","eMagin Corporation","2.54","63489794.28","n/a","n/a","Technology","Semiconductors","http://www.nasdaq.com/symbol/eman",
"EOX","Emerald Oil, Inc.","7.57","503234432.76","n/a","n/a","Energy","Oil & Gas Production","http://www.nasdaq.com/symbol/eox",
"MSN","Emerson Radio Corporation","2.2","59685630.4","n/a","n/a","Consumer Non-Durables","Consumer Electronics/Appliances","http://www.nasdaq.com/symbol/msn",
"UUUU","Energy Fuels Inc","7.3","143798838.3","n/a","n/a","Basic Industries","Mining & Quarrying of Nonmetallic Minerals (No Fuels)","http://www.nasdaq.com/symbol/uuuu",
"ENRJ","EnerJex Resources, Inc.","7.71","58928408.94","n/a","n/a","Energy","Oil & Gas Production","http://www.nasdaq.com/symbol/enrj",
"ENRJ^","EnerJex Resources, Inc.","25.77","0","n/a","n/a","n/a","n/a","http://www.nasdaq.com/symbol/enrj^",
"ENSV","ENSERVCO Corporation","3.66","134853238.02","n/a","n/a","Energy","Oilfield Services/Equipment","http://www.nasdaq.com/symbol/ensv",
"EGI","Entree Gold Inc","0.2634","38715687.009","n/a","n/a","Basic Industries","Precious Metals","http://www.nasdaq.com/symbol/egi",
"EVI","EnviroStarm, Inc.","3.15","22156255.8","n/a","n/a","Consumer Services","Other Consumer Services","http://www.nasdaq.com/symbol/evi",
"ERB","ERBA Diagnostics, Inc.","3.81","167195072.01","n/a","n/a","Health Care","Major Pharmaceuticals","http://www.nasdaq.com/symbol/erb",
"ESP","Espey Mfg. & Electronics Corp.","24.3699","57468488.9325","n/a","n/a","Capital Goods","Industrial Machinery/Components","http://www.nasdaq.com/symbol/esp",
"EMXX","Eurasian Minerals Inc.","0.66","48306197.94","n/a","n/a","Basic Industries","Precious Metals","http://www.nasdaq.com/symbol/emxx",
"EVBN","Evans Bancorp, Inc.","23.52","97346034.24","n/a","n/a","Finance","Major Banks","http://www.nasdaq.com/symbol/evbn",
"EVK","Ever-Glory International Group, Inc.","6.948","102700062.468","n/a","n/a","Consumer Non-Durables","Apparel","http://www.nasdaq.com/symbol/evk",
"EPM","Evolution Petroleum Corporation, Inc.","9.99","325886147.64","n/a","n/a","Energy","Oil & Gas Production","http://www.nasdaq.com/symbol/epm",
"EPM^A","Evolution Petroleum Corporation, Inc.","26.02","0","n/a","n/a","n/a","n/a","http://www.nasdaq.com/symbol/epm^a",
"XRA","Exeter Resource Corporation","0.6285","55564272.7605","n/a","n/a","Basic Industries","Mining & Quarrying of Nonmetallic Minerals (No Fuels)","http://www.nasdaq.com/symbol/xra",
"FPI","Farmland Partners Inc.","11.69","90384215.95","n/a","2014","Consumer Services","Real Estate Investment Trusts","http://www.nasdaq.com/symbol/fpi",
"FPP","FieldPoint Petroleum Corporation","4.02","32623819.56","n/a","n/a","Energy","Oil & Gas Production","http://www.nasdaq.com/symbol/fpp",
"FPP/WS","FieldPoint Petroleum Corporation","0.584","0","n/a","n/a","n/a","n/a","http://www.nasdaq.com/symbol/fpp/ws",
"MXN","First American Minnesota Municipal Income Fund II, Inc.","14.4515","21279920.459","n/a","2002","n/a","n/a","http://www.nasdaq.com/symbol/mxn",
"FEN","First Trust Energy Income and Growth Fund","36.78","711884770.92","n/a","2004","n/a","n/a","http://www.nasdaq.com/symbol/fen",
"FWV","First West Virginia Bancorp, Inc.","21.25","36735512.5","n/a","n/a","Finance","Major Banks","http://www.nasdaq.com/symbol/fwv",
"BDL","Flanigan&#39;s Enterprises, Inc.","16.8251","31271921.6397","n/a","n/a","Consumer Services","Restaurants","http://www.nasdaq.com/symbol/bdl",
"FSI","Flexible Solutions International Inc.","1.443","19004297.013","n/a","n/a","Basic Industries","Major Chemicals","http://www.nasdaq.com/symbol/fsi",
"FTF","Franklin Limited Duration Income Trust","12.59","337860833.5","n/a","2003","n/a","n/a","http://www.nasdaq.com/symbol/ftf",
"FSP","Franklin Street Properties Corp.","11.77","1179205756.85","n/a","n/a","Consumer Services","Real Estate Investment Trusts","http://www.nasdaq.com/symbol/fsp",
"FRD","Friedman Industries Inc.","8.05","54735524.2","n/a","n/a","Capital Goods","Steel/Iron Ore","http://www.nasdaq.com/symbol/frd",
"FRS","Frisch&#39;s Restaurants, Inc.","26.98","137949846.18","n/a","n/a","Consumer Services","Restaurants","http://www.nasdaq.com/symbol/frs",
"GGN","GAMCO Global Gold, Natural Reources & Income Trust ","10.17","1095229297.71","n/a","2005","n/a","n/a","http://www.nasdaq.com/symbol/ggn",
"GGN^B","GAMCO Global Gold, Natural Reources & Income Trust ","21.88","0","n/a","n/a","n/a","n/a","http://www.nasdaq.com/symbol/ggn^b",
"EGAS","Gas Natural Inc.","11.5","120606376.5","n/a","n/a","Public Utilities","Oil/Gas Transmission","http://www.nasdaq.com/symbol/egas",
"GST","Gastar Exploration Inc.","7.75","478884690.75","n/a","n/a","Energy","Oil & Gas Production","http://www.nasdaq.com/symbol/gst",
"GST^A","Gastar Exploration Inc.","25.2001","0","n/a","n/a","n/a","n/a","http://www.nasdaq.com/symbol/gst^a",
"GST^B","Gastar Exploration Inc.","27.75","0","n/a","n/a","n/a","n/a","http://www.nasdaq.com/symbol/gst^b",
"JOB","General Employment Enterprises, Inc.","0.189","4895038.575","n/a","n/a","Technology","Diversified Commercial Services","http://www.nasdaq.com/symbol/job",
"GMO","General Moly, Inc","0.88","80030058.24","n/a","n/a","Basic Industries","Precious Metals","http://www.nasdaq.com/symbol/gmo",
"GIG","GigOptix, Inc.","1.2","38262926.4","n/a","n/a","Technology","Semiconductors","http://www.nasdaq.com/symbol/gig",
"GSB","GlobalSCAPE, Inc.","2.49","50847657.54","n/a","n/a","Technology","Computer Software: Prepackaged Software","http://www.nasdaq.com/symbol/gsb",
"GSAT","Globalstar, Inc.","3.85","3808491586.9","n/a","2006","Consumer Services","Telecommunications Equipment","http://www.nasdaq.com/symbol/gsat",
"GLOW","Glowpoint, Inc.","1.36","48435040","n/a","n/a","Public Utilities","Telecommunications Equipment","http://www.nasdaq.com/symbol/glow",
"GORO","Gold Resource Corporation","5.66","306655228.54","n/a","n/a","Basic Industries","Precious Metals","http://www.nasdaq.com/symbol/goro",
"GSV","Gold Standard Ventures Corporation","0.66","80714774.58","n/a","n/a","Basic Industries","Mining & Quarrying of Nonmetallic Minerals (No Fuels)","http://www.nasdaq.com/symbol/gsv",
"AUMN","Golden Minerals Company","0.703","30602175.599","n/a","n/a","Basic Industries","Precious Metals","http://www.nasdaq.com/symbol/aumn",
"GSS","Golden Star Resources, Ltd","0.46","119312444.34","n/a","n/a","Basic Industries","Precious Metals","http://www.nasdaq.com/symbol/gss",
"GV","Goldfield Corporation (The)","2.07","52684302.78","n/a","n/a","Basic Industries","Water Supply","http://www.nasdaq.com/symbol/gv",
"GRC","Gorman-Rupp Company (The)","31.03","814864649.29","n/a","n/a","Capital Goods","Fluid Controls","http://www.nasdaq.com/symbol/grc",
"GTE","Gran Tierra Energy Inc.","6.09","1676178372.96","n/a","n/a","Energy","Oil & Gas Production","http://www.nasdaq.com/symbol/gte",
"GPL","Great Panther Silver Limited","1.05","146229342","n/a","n/a","Basic Industries","Precious Metals","http://www.nasdaq.com/symbol/gpl",
"GRH","GreenHunter Resources, Inc.","1.565","55530981.075","n/a","n/a","Basic Industries","Major Chemicals","http://www.nasdaq.com/symbol/grh",
"GRH^C","GreenHunter Resources, Inc.","25.48","0","n/a","n/a","n/a","n/a","http://www.nasdaq.com/symbol/grh^c",
"SIM","Grupo Simec, S.A. de C.V.","13","2156739923","n/a","1993","Basic Industries","Steel/Iron Ore","http://www.nasdaq.com/symbol/sim",
"GVP","GSE Systems, Inc.","1.65","29514967.35","n/a","n/a","Technology","Computer Software: Prepackaged Software","http://www.nasdaq.com/symbol/gvp",
"GTT","GTT Communications, Inc.","12.39","356031444.93","n/a","n/a","Public Utilities","Telecommunications Equipment","http://www.nasdaq.com/symbol/gtt",
"HEB","Hemispherx BioPharma, Inc.","0.31","58899239.57","n/a","n/a","Health Care","Biotechnology: Biological Products (No Diagnostic Substances)","http://www.nasdaq.com/symbol/heb",
"HLM^","Hillman Group Capital Trust","30.77","0","n/a","n/a","n/a","n/a","http://www.nasdaq.com/symbol/hlm^",
"HMG","HMG/Courtland Properties, Inc.","15.2501","15996226.3926","n/a","n/a","Consumer Services","Real Estate Investment Trusts","http://www.nasdaq.com/symbol/hmg",
"HH","Hooper Holmes, Inc.","0.63","44655252.39","n/a","n/a","Health Care","Hospital/Nursing Management","http://www.nasdaq.com/symbol/hh",
"HUSA","Houston American Energy Corporation","0.275","14346734.875","n/a","n/a","Energy","Oil & Gas Production","http://www.nasdaq.com/symbol/husa",
"IBIO","iBio, Inc.","0.5901","38735400.2595","n/a","n/a","Health Care","Major Pharmaceuticals","http://www.nasdaq.com/symbol/ibio",
"IBO","IBO (Listing Market - NYSE Amex Network B F)","1","0","n/a","n/a","n/a","n/a","http://www.nasdaq.com/symbol/ibo",
"IEC","IEC Electronics Corp.","4.6","46254228.2","n/a","n/a","Technology","Electrical Products","http://www.nasdaq.com/symbol/iec",
"IG","IGI Laboratories, Inc.","7.42","389422279.54","n/a","n/a","Health Care","Biotechnology: Biological Products (No Diagnostic Substances)","http://www.nasdaq.com/symbol/ig",
"IMUC","ImmunoCellular Therapeutics, Ltd.","0.9289","56352027.8237","n/a","n/a","Health Care","Major Pharmaceuticals","http://www.nasdaq.com/symbol/imuc",
"IMH","Impac Mortgage Holdings, Inc.","6.44","60547733.68","n/a","1997","Consumer Services","Real Estate Investment Trusts","http://www.nasdaq.com/symbol/imh",
"IMO","Imperial Oil Limited","50.37","42693562184.07","n/a","n/a","Energy","Integrated oil Companies","http://www.nasdaq.com/symbol/imo",
"IOT","Income Opportunity Realty Investors, Inc.","5.69","23717137.66","n/a","n/a","Consumer Services","Real Estate Investment Trusts","http://www.nasdaq.com/symbol/iot",
"IRT","Independence Realty Trust, Inc.","9.99","257757384.6","n/a","2013","Consumer Services","Real Estate Investment Trusts","http://www.nasdaq.com/symbol/irt",
"IGC","India Globalization Capital Inc.","0.89","11205455.11","n/a","n/a","Basic Industries","Precious Metals","http://www.nasdaq.com/symbol/igc",
"IGC/WS","India Globalization Capital Inc.","0.0056","0","n/a","n/a","n/a","n/a","http://www.nasdaq.com/symbol/igc/ws",
"INFU","InfuSystems Holdings, Inc.","2.95","66071276.85","n/a","n/a","Health Care","Medical/Dental Instruments","http://www.nasdaq.com/symbol/infu",
"IHT","InnSuites Hospitality Trust","1.73","14370565.05","n/a","n/a","Consumer Services","Real Estate Investment Trusts","http://www.nasdaq.com/symbol/iht",
"INO","Inovio Pharmaceuticals, Inc.","10.67","644457223.3","n/a","n/a","Health Care","Medical/Dental Instruments","http://www.nasdaq.com/symbol/ino",
"NSPR","InspireMD, Inc.","2.23","78454666.95","n/a","n/a","Health Care","Medical/Dental Instruments","http://www.nasdaq.com/symbol/nspr",
"IFMI","Institutional Financial Markets, Inc.","2.06","31426348.54","n/a","n/a","Finance","Investment Bankers/Brokers/Service","http://www.nasdaq.com/symbol/ifmi",
"IDN","Intellicheck Mobilisa, Inc.","4.813","23741003.279","n/a","1999","Technology","Computer Software: Prepackaged Software","http://www.nasdaq.com/symbol/idn",
"INS","Intelligent Systems Corporation","1.37","12272498.36","n/a","1992","Capital Goods","Metal Fabrications","http://www.nasdaq.com/symbol/ins",
"THM","International Tower Hill Mines Ltd","0.5784","56722900.2192","n/a","n/a","Basic Industries","Precious Metals","http://www.nasdaq.com/symbol/thm",
"INTT","inTest Corporation","5.47","57777848.66","n/a","1997","Capital Goods","Electrical Products","http://www.nasdaq.com/symbol/intt",
"INUV","Inuvo, Inc","1.56","36668213.4","n/a","n/a","Consumer Services","Advertising","http://www.nasdaq.com/symbol/inuv",
"VKI","Invesco Advantage Municipal Income Trust II","11.13","493959984.63","n/a","n/a","n/a","n/a","http://www.nasdaq.com/symbol/vki",
"ISR","IsoRay, Inc.","2.43","132174457.83","n/a","n/a","Health Care","Medical/Dental Instruments","http://www.nasdaq.com/symbol/isr",
"ISDR","Issuer Direct Corporation","9.09","18720300.51","n/a","n/a","Miscellaneous","Publishing","http://www.nasdaq.com/symbol/isdr",
"ITI","Iteris, Inc.","1.76","57520840.96","n/a","n/a","Consumer Durables","Telecommunications Equipment","http://www.nasdaq.com/symbol/iti",
"LTS","Ladenburg Thalmann Financial Services Inc","3.6","662906887.2","n/a","n/a","Finance","Investment Bankers/Brokers/Service","http://www.nasdaq.com/symbol/lts",
"LTS^A","Ladenburg Thalmann Financial Services Inc","23.04","0","n/a","n/a","n/a","n/a","http://www.nasdaq.com/symbol/lts^a",
"LSG","Lake Shore Gold Corp","0.94","396870090.56","n/a","n/a","Basic Industries","Precious Metals","http://www.nasdaq.com/symbol/lsg",
"LAQ","Latin America Equity Fund, Inc. (The)","29.41","219060884.97","n/a","1991","n/a","n/a","http://www.nasdaq.com/symbol/laq",
"LGL","LGL Group, Inc. (The)","4.332","11240379.024","n/a","n/a","Capital Goods","Industrial Machinery/Components","http://www.nasdaq.com/symbol/lgl",
"LGL/WS","LGL Group, Inc. (The)","0.03","0","n/a","n/a","n/a","n/a","http://www.nasdaq.com/symbol/lgl/ws",
"LBY","Libbey, Inc.","27.05","584711528.65","n/a","1993","Capital Goods","Industrial Machinery/Components","http://www.nasdaq.com/symbol/lby",
"LBMH","Liberator Medical Holdings, Inc.","3.04","161043875.36","n/a","n/a","Health Care","Medical/Nursing Services","http://www.nasdaq.com/symbol/lbmh",
"LIQT","LiqTech International, Inc.","1.45","39458125","n/a","n/a","Technology","Industrial Machinery/Components","http://www.nasdaq.com/symbol/liqt",
"LEI","Lucas Energy, Inc.","0.669","22362451.596","n/a","n/a","Energy","Oil & Gas Production","http://www.nasdaq.com/symbol/lei",
"MCZ","Mad Catz Interactive Inc","0.5495","35221946.0635","n/a","n/a","Consumer Non-Durables","Recreational Products/Toys","http://www.nasdaq.com/symbol/mcz",
"MVG","Mag Silver Corporation","8.6","591544309.2","n/a","n/a","Basic Industries","Precious Metals","http://www.nasdaq.com/symbol/mvg",
"MHR^C","Magnum Hunter Resources Corporation","25.92","0","n/a","n/a","n/a","n/a","http://www.nasdaq.com/symbol/mhr^c",
"MHR^D","Magnum Hunter Resources Corporation","49.61","0","n/a","n/a","n/a","n/a","http://www.nasdaq.com/symbol/mhr^d",
"MHR^E","Magnum Hunter Resources Corporation","26.9999","0","n/a","n/a","n/a","n/a","http://www.nasdaq.com/symbol/mhr^e",
"MSTX","Mast Therapeutics, Inc.","0.6","72979344","n/a","n/a","Health Care","Major Pharmaceuticals","http://www.nasdaq.com/symbol/mstx",
"MHH","Mastech Holdings, Inc","11.6","49970700.4","n/a","n/a","Consumer Services","Professional Services","http://www.nasdaq.com/symbol/mhh",
"MDGN","Medgenics, Inc.","5.84","109822747.6","n/a","2011","Health Care","Biotechnology: Biological Products (No Diagnostic Substances)","http://www.nasdaq.com/symbol/mdgn",
"MDGN/WS","Medgenics, Inc.","1.15","0","n/a","n/a","n/a","n/a","http://www.nasdaq.com/symbol/mdgn/ws",
"IPB","Merrill Lynch & Co., Inc.","26.42","0","n/a","n/a","Finance","Finance: Consumer Services","http://www.nasdaq.com/symbol/ipb",
"MEA","Metalico Inc","1.2","57863738.4","n/a","n/a","Basic Industries","Metal Fabrications","http://www.nasdaq.com/symbol/mea",
"MXC","Mexco Energy Corporation","7.5","15286995","n/a","n/a","Energy","Oil & Gas Production","http://www.nasdaq.com/symbol/mxc",
"CCA","MFS California Insured Municipal Trust","10.82","30147095.16","n/a","1999","n/a","n/a","http://www.nasdaq.com/symbol/cca",
"MGT","MGT Capital Investments Inc","1.63","15769322.53","n/a","n/a","Miscellaneous","Multi-Sector Companies","http://www.nasdaq.com/symbol/mgt",
"MDW","Midway Gold Corporation","0.8914","153743692.6396","n/a","n/a","Basic Industries","Precious Metals","http://www.nasdaq.com/symbol/mdw",
"MGH","Minco Gold Corporation","0.385","19453940.275","n/a","n/a","Basic Industries","Precious Metals","http://www.nasdaq.com/symbol/mgh",
"MGN","Mines Management, Inc.","0.67","19709365.21","n/a","n/a","Basic Industries","Precious Metals","http://www.nasdaq.com/symbol/mgn",
"MXA","Minnesota Municipal Income Portfolio Inc.","15.54","64440386.22","n/a","1993","n/a","n/a","http://www.nasdaq.com/symbol/mxa",
"MDM","Mountain Province Diamonds Inc.","5.04","580630932","n/a","n/a","Basic Industries","Precious Metals","http://www.nasdaq.com/symbol/mdm",
"MVF","MuniVest Fund, Inc.","9.51","608471083.38","n/a","n/a","n/a","n/a","http://www.nasdaq.com/symbol/mvf",
"MZA","MuniYield Arizona Fund, Inc.","14.74","67520328.7","n/a","1993","n/a","n/a","http://www.nasdaq.com/symbol/mza",
"NNVC","NanoViricides, Inc.","3.74","204259838.2","n/a","n/a","Health Care","Biotechnology: Commercial Physical & Biological Resarch","http://www.nasdaq.com/symbol/nnvc",
"NHC","National HealthCare Corporation","57.11","812517847.73","n/a","n/a","Health Care","Hospital/Nursing Management","http://www.nasdaq.com/symbol/nhc",
"NHC^A","National HealthCare Corporation","15.1039","0","n/a","n/a","n/a","n/a","http://www.nasdaq.com/symbol/nhc^a",
"NAVB","Navidea Biopharmaceuticals, Inc.","1.3","195826660.9","n/a","n/a","Health Care","Biotechnology: In Vitro & In Vivo Diagnostic Substances","http://www.nasdaq.com/symbol/navb",
"NBW","Neuberger Berman California Intermediate Municipal Fund Inc.","14.93","82680190.08","n/a","2002","n/a","n/a","http://www.nasdaq.com/symbol/nbw",
"NHS","Neuberger Berman High Yield Strategies Fund","13.2","257935722","n/a","n/a","n/a","n/a","http://www.nasdaq.com/symbol/nhs",
"NBH","Neuberger Berman Intermediate Municipal Fund Inc.","15.15","284301082.2","n/a","2002","n/a","n/a","http://www.nasdaq.com/symbol/nbh",
"NML","Neuberger Berman MLP Income Fund Inc.","20.84","1177950406.88","n/a","2013","n/a","n/a","http://www.nasdaq.com/symbol/nml",
"NBO","Neuberger Berman New York Intermediate Municipal Fund Inc.","13.66","69345263.2","n/a","2002","n/a","n/a","http://www.nasdaq.com/symbol/nbo",
"NRO","Neuberger Berman Real Estate Securities Income Fund, Inc.","4.92","274476202.32","n/a","2003","n/a","n/a","http://www.nasdaq.com/symbol/nro",
"CUR","Neuralstem, Inc.","3.56","309141339.8","n/a","n/a","Health Care","Biotechnology: Biological Products (No Diagnostic Substances)","http://www.nasdaq.com/symbol/cur",
"UWN","Nevada Gold & Casinos, Inc.","1.12","18155499.04","n/a","n/a","Consumer Services","Services-Misc. Amusement & Recreation","http://www.nasdaq.com/symbol/uwn",
"NSU","Nevsun Resources Ltd","3.99","796594729.98","n/a","n/a","Basic Industries","Precious Metals","http://www.nasdaq.com/symbol/nsu",
"GBR","New Concept Energy, Inc","1.67","3251379.78","n/a","n/a","Energy","Oil & Gas Production","http://www.nasdaq.com/symbol/gbr",
"NEN","New England Realty Associates Limited Partnership","48.62","187654043.72","n/a","n/a","Consumer Services","Building operators","http://www.nasdaq.com/symbol/nen",
"NGD","NEW GOLD INC.","6","3023376930","n/a","n/a","Basic Industries","Precious Metals","http://www.nasdaq.com/symbol/ngd",
"PAL","North American Palladium, Ltd.","0.25","96235730","n/a","2000","Basic Industries","Precious Metals","http://www.nasdaq.com/symbol/pal",
"NAK","Northern Dynasty Minerals, Ltd.","0.6601","62716011.2264","n/a","n/a","Basic Industries","Precious Metals","http://www.nasdaq.com/symbol/nak",
"NOG","Northern Oil and Gas, Inc.","15.82","965462343.02","n/a","n/a","Energy","Oil & Gas Production","http://www.nasdaq.com/symbol/nog",
"NBY","NovaBay Pharmaceuticals, Inc.","0.83","42146617.31","n/a","2007","Health Care","Major Pharmaceuticals","http://www.nasdaq.com/symbol/nby",
"NCQ","NovaCopper Inc.","1.06","63843478.82","n/a","n/a","Basic Industries","Precious Metals","http://www.nasdaq.com/symbol/ncq",
"NG","Novagold Resources Inc.","3.51","1113682536.72","n/a","n/a","Basic Industries","Precious Metals","http://www.nasdaq.com/symbol/ng",
"NTN","NTN Buzztime, Inc.","0.4","36688750.8","n/a","n/a","Consumer Services","Broadcasting","http://www.nasdaq.com/symbol/ntn",
"NVX","Nuveen California Dividend Advantage Municipal Fund 2","13.83","204120247.71","n/a","2001","n/a","n/a","http://www.nasdaq.com/symbol/nvx",
"NZH","Nuveen California Dividend Advantage Municipal Fund 3","12.72","307211964.48","n/a","n/a","n/a","n/a","http://www.nasdaq.com/symbol/nzh",
"NCB","Nuveen California Municipal Value Fund 2","16.34","53724286","n/a","n/a","n/a","n/a","http://www.nasdaq.com/symbol/ncb",
"CFD","Nuveen Diversified Commodity Fund","14.3299","131934529.506","n/a","2010","Finance","Investment Bankers/Brokers/Service","http://www.nasdaq.com/symbol/cfd",
"NXZ","Nuveen Dividend Advantage Municipal Fund 2","13.77","405917733.24","n/a","2001","n/a","n/a","http://www.nasdaq.com/symbol/nxz",
"NZF","Nuveen Dividend Advantage Municipal Fund 3","14.04","567216393.12","n/a","2007","n/a","n/a","http://www.nasdaq.com/symbol/nzf",
"NVG","Nuveen Dividend Advantage Municipal Income Fund","14.47","428915399","n/a","2002","n/a","n/a","http://www.nasdaq.com/symbol/nvg",
"CTF","Nuveen Long/Short Commodity Total Return Fund","15","264687600","n/a","n/a","Finance","Investment Bankers/Brokers/Service","http://www.nasdaq.com/symbol/ctf",
"NOM","Nuveen Missouri Premium Income Municipal Fund","15.05","35070939.75","n/a","1993","n/a","n/a","http://www.nasdaq.com/symbol/nom",
"NMZ","Nuveen Municipal High Income Opportunity Fund","12.84","642694464.24","n/a","2003","n/a","n/a","http://www.nasdaq.com/symbol/nmz",
"NXJ","Nuveen New Jersey Dividend Advantage Municipal Fund","13.36","87579983.68","n/a","2001","n/a","n/a","http://www.nasdaq.com/symbol/nxj",
"NUJ","Nuveen New Jersey Dividend Advantage Municipal Fund 2","13.1","59170263.4","n/a","2002","n/a","n/a","http://www.nasdaq.com/symbol/nuj",
"NJV","Nuveen New Jersey Municipal Value Fund","14.21","22239161.56","n/a","n/a","n/a","n/a","http://www.nasdaq.com/symbol/njv",
"NXK","Nuveen New York Dividend Advantage Municipal Fund 2","13.11","84994961.76","n/a","2001","n/a","n/a","http://www.nasdaq.com/symbol/nxk",
"NYV","Nuveen New York Municipal Value Fund 2","14.7","34539296.4","n/a","2009","n/a","n/a","http://www.nasdaq.com/symbol/nyv",
"NPN","Nuveen Pennsylvania Municipal Value Fund","15.35","18717053.2","n/a","2009","n/a","n/a","http://www.nasdaq.com/symbol/npn",
"JRS","Nuveen Real Estate Fund","10.75","310594063.25","n/a","2001","n/a","n/a","http://www.nasdaq.com/symbol/jrs",
"OGEN","Oragenics, Inc.","1.35","48841574.4","n/a","n/a","Health Care","Major Pharmaceuticals","http://www.nasdaq.com/symbol/ogen",
"ORC","Orchid Island Capital, Inc.","13.93","135790043.97","n/a","2013","Consumer Services","Real Estate Investment Trusts","http://www.nasdaq.com/symbol/orc",
"TIS","Orchids Paper Products Company","25.86","226498482.12","n/a","2005","Basic Industries","Paper","http://www.nasdaq.com/symbol/tis",
"ONVO","Organovo Holdings, Inc.","7.33","575256934","n/a","n/a","Health Care","Biotechnology: Biological Products (No Diagnostic Substances)","http://www.nasdaq.com/symbol/onvo",
"ONP","Orient Paper, Inc.","1.64","30756396","n/a","n/a","Consumer Durables","Containers/Packaging","http://www.nasdaq.com/symbol/onp",
"OESX","Orion Energy Systems, Inc.","5.54","120646048.1","n/a","2007","Consumer Durables","Building Products","http://www.nasdaq.com/symbol/oesx",
"ORM","Owens Realty Mortgage, Inc.","16.15","173903216.15","n/a","2013","Consumer Services","Real Estate Investment Trusts","http://www.nasdaq.com/symbol/orm",
"PHF","Pacholder High Yield Fund, Inc.","8.63","112155281.51","n/a","n/a","n/a","n/a","http://www.nasdaq.com/symbol/phf",
"PBM","Pacific Booker Minerals Inc","3.74","46239635.86","n/a","n/a","Basic Industries","Precious Metals","http://www.nasdaq.com/symbol/pbm",
"PCG^A","Pacific Gas & Electric Co.","27.91","0","n/a","n/a","n/a","n/a","http://www.nasdaq.com/symbol/pcg^a",
"PCG^B","Pacific Gas & Electric Co.","25.9465","0","n/a","n/a","n/a","n/a","http://www.nasdaq.com/symbol/pcg^b",
"PCG^C","Pacific Gas & Electric Co.","24.5","0","n/a","n/a","n/a","n/a","http://www.nasdaq.com/symbol/pcg^c",
"PCG^D","Pacific Gas & Electric Co.","23.5","0","n/a","n/a","n/a","n/a","http://www.nasdaq.com/symbol/pcg^d",
"PCG^E","Pacific Gas & Electric Co.","23.2918","0","n/a","n/a","n/a","n/a","http://www.nasdaq.com/symbol/pcg^e",
"PCG^G","Pacific Gas & Electric Co.","22.31","0","n/a","n/a","n/a","n/a","http://www.nasdaq.com/symbol/pcg^g",
"PCG^H","Pacific Gas & Electric Co.","21.427","0","n/a","n/a","n/a","n/a","http://www.nasdaq.com/symbol/pcg^h",
"PCG^I","Pacific Gas & Electric Co.","22.0018","0","n/a","n/a","n/a","n/a","http://www.nasdaq.com/symbol/pcg^i",
"PTN","Palatin Technologies, Inc.","0.91","35724529.75","n/a","n/a","Health Care","Major Pharmaceuticals","http://www.nasdaq.com/symbol/ptn",
"PARR","Par Petroleum Corporation","15.89","582391159.14","n/a","n/a","Energy","Oil & Gas Production","http://www.nasdaq.com/symbol/parr",
"PZG","Paramount Gold and Silver Corp.","0.92","148246015.16","n/a","n/a","Basic Industries","Precious Metals","http://www.nasdaq.com/symbol/pzg",
"PRK","Park National Corporation","78.37","1206304112.14","n/a","n/a","Finance","Major Banks","http://www.nasdaq.com/symbol/prk",
"PED","Pedevco Corp.","1.75","50949066","n/a","n/a","Energy","Oil & Gas Production","http://www.nasdaq.com/symbol/ped",
"PFNX","Pfenex Inc.","7.09","144230707.24","n/a","2014","Health Care","Major Pharmaceuticals","http://www.nasdaq.com/symbol/pfnx",
"PIP","PharmAthene, Inc","2.225","125583883.875","n/a","n/a","Health Care","Major Pharmaceuticals","http://www.nasdaq.com/symbol/pip",
"HNW","Pioneer Diversified High Income Trust","20.5","170646469","n/a","2007","n/a","n/a","http://www.nasdaq.com/symbol/hnw",
"PLG","Platinum Group Metals Ltd.","1.01","556825970.42","n/a","n/a","Basic Industries","Precious Metals","http://www.nasdaq.com/symbol/plg",
"PLM","Polymet Mining Corp.","1.2","330844573.2","n/a","n/a","Basic Industries","Precious Metals","http://www.nasdaq.com/symbol/plm",
"PW","Power REIT","9.36","16209535.68","n/a","n/a","Consumer Services","Real Estate Investment Trusts","http://www.nasdaq.com/symbol/pw",
"PW^A","Power REIT","25.7","0","n/a","n/a","n/a","n/a","http://www.nasdaq.com/symbol/pw^a",
"APTS","Preferred Apartment Communities, Inc.","8.55","146547188.1","n/a","2011","Consumer Services","Real Estate Investment Trusts","http://www.nasdaq.com/symbol/apts",
"PLX","Protalix BioTherapeutics, Inc.","2.5","234162245","n/a","n/a","Health Care","Biotechnology: Biological Products (No Diagnostic Substances)","http://www.nasdaq.com/symbol/plx",
"PVCT","Provectus Biopharmaceuticals, Inc.","1.08","190769514.12","n/a","n/a","Health Care","Major Pharmaceuticals","http://www.nasdaq.com/symbol/pvct",
"QRM","Quest Rare Minerals Ltd","0.1803","14167829.0388","n/a","n/a","Basic Industries","Precious Metals","http://www.nasdaq.com/symbol/qrm",
"RLGT","Radiant Logistics, Inc.","3.16","107870809.12","n/a","n/a","Transportation","Oil Refining/Marketing","http://www.nasdaq.com/symbol/rlgt",
"RLGT^A","Radiant Logistics, Inc.","26.51","0","n/a","n/a","n/a","n/a","http://www.nasdaq.com/symbol/rlgt^a",
"REE","Rare Element Resources Ltd.","0.96","45798927.36","n/a","n/a","Basic Industries","Precious Metals","http://www.nasdaq.com/symbol/ree",
"UTG","Reaves Utility Income Fund","29.09","844025812.46","n/a","2004","n/a","n/a","http://www.nasdaq.com/symbol/utg",
"REED","Reeds, Inc.","5.81","75828105.29","n/a","n/a","Consumer Non-Durables","Beverages (Production/Distribution)","http://www.nasdaq.com/symbol/reed",
"RWC","RELM Wireless Corporation","5.6","76457287.2","n/a","n/a","Technology","Radio And Television Broadcasting And Communications Equipment","http://www.nasdaq.com/symbol/rwc",
"RCG","RENN Fund, Inc.","1.56","6963788.52","n/a","n/a","n/a","n/a","http://www.nasdaq.com/symbol/rcg",
"RVP","Retractable Technologies, Inc.","2.99","81843467.03","n/a","n/a","Health Care","Medical/Dental Instruments","http://www.nasdaq.com/symbol/rvp",
"RVM","Revett Mining Company, Inc.","1.18","46132674.66","n/a","n/a","Basic Industries","Precious Metals","http://www.nasdaq.com/symbol/rvm",
"RNN","Rexahn Pharmaceuticals, Inc.","0.745","132798721.91","n/a","n/a","Health Care","Major Pharmaceuticals","http://www.nasdaq.com/symbol/rnn",
"RIC","Richmont Mines, Inc.","2.18","104359920.14","n/a","n/a","Basic Industries","Precious Metals","http://www.nasdaq.com/symbol/ric",
"REI","Ring Energy, Inc.","15.71","403923234.78","n/a","n/a","Energy","Oil & Gas Production","http://www.nasdaq.com/symbol/rei",
"RIF","RMR Real Estate Income Fund.","19.44","148758262.56","n/a","n/a","n/a","n/a","http://www.nasdaq.com/symbol/rif",
"RPI","Roberts Realty Investors, Inc.","0.74","7446734.7","n/a","n/a","Consumer Services","Real Estate Investment Trusts","http://www.nasdaq.com/symbol/rpi",
"RBY","Rubicon Minerals Corp","1.37","507638764.28","n/a","n/a","Basic Industries","Precious Metals","http://www.nasdaq.com/symbol/rby",
"SGA","Saga Communications, Inc.","37.46","215357502.54","n/a","n/a","Consumer Services","Broadcasting","http://www.nasdaq.com/symbol/sga",
"SSN","Samson Oil & Gas Limited","0.353","50086075.7","n/a","n/a","Energy","Oil & Gas Production","http://www.nasdaq.com/symbol/ssn",
"SAND          ","Sandstorm Gold Ltd","4.88","573453665.36","n/a","n/a","Basic Industries","Precious Metals","http://www.nasdaq.com/symbol/sand          ",
"SARA","Saratoga Resources Inc","1.52","47099633.52","n/a","n/a","Energy","Oil & Gas Production","http://www.nasdaq.com/symbol/sara",
"SEB","Seaboard Corporation","2848.21","3333972215.5","n/a","1996","n/a","n/a","http://www.nasdaq.com/symbol/seb",
"SVT","Servotronics, Inc.","7.65","18802583.1","n/a","n/a","Capital Goods","Industrial Machinery/Components","http://www.nasdaq.com/symbol/svt",
"SIF","SIFCO Industries, Inc.","26.83","145234251.07","n/a","n/a","Capital Goods","Aerospace","http://www.nasdaq.com/symbol/sif",
"SVBL","Silver Bull Resources, Inc.","0.2461","39147780.8877","n/a","n/a","Basic Industries","Precious Metals","http://www.nasdaq.com/symbol/svbl",
"SVLC","SilverCrest Mines, Inc.","1.72","204255512.6","n/a","n/a","Basic Industries","Precious Metals","http://www.nasdaq.com/symbol/svlc",
"SKY","Skyline Corporation","2.77","23243745.88","n/a","n/a","Basic Industries","Homebuilding","http://www.nasdaq.com/symbol/sky",
"SLI","SL Industries, Inc.","47.99","198870560","n/a","n/a","Capital Goods","Industrial Machinery/Components","http://www.nasdaq.com/symbol/sli",
"XPL","Solitario Exploration & Royalty Corp","1.34","52591903.26","n/a","n/a","Basic Industries","Precious Metals","http://www.nasdaq.com/symbol/xpl",
"SOQ","Sonde Resources Corp","0.1689","9467345.4507","n/a","n/a","Energy","Oil & Gas Production","http://www.nasdaq.com/symbol/soq",
"SCE^B","Southern California Edison Company","19.5724","0","n/a","n/a","n/a","n/a","http://www.nasdaq.com/symbol/sce^b",
"SCE^C","Southern California Edison Company","20.78","0","n/a","n/a","n/a","n/a","http://www.nasdaq.com/symbol/sce^c",
"SCE^D","Southern California Edison Company","22.491","0","n/a","n/a","n/a","n/a","http://www.nasdaq.com/symbol/sce^d",
"SCE^E","Southern California Edison Company","22.671","0","n/a","n/a","n/a","n/a","http://www.nasdaq.com/symbol/sce^e",
"SGB","Southwest Georgia Financial Corporation","14","35669718","n/a","n/a","Finance","Major Banks","http://www.nasdaq.com/symbol/sgb",
"LOV","Spark Networks, Inc.","5.04","120896511.12","n/a","n/a","Miscellaneous","Business Services","http://www.nasdaq.com/symbol/lov",
"STRP","Straight Path Communications Inc.","9.8","115591950.6","n/a","2013","Public Utilities","Telecommunications Equipment","http://www.nasdaq.com/symbol/strp",
"SSY","SunLink Health Systems, Inc.","1.49","14070677.92","n/a","n/a","Health Care","Hospital/Nursing Management","http://www.nasdaq.com/symbol/ssy",
"SDPI","Superior Drilling Products, Inc.","7.14","123462352.44","n/a","2014","Energy","Metal Fabrications","http://www.nasdaq.com/symbol/sdpi",
"STS","Supreme Industries, Inc.","8.2","135380942.2","n/a","n/a","Capital Goods","Construction/Ag Equipment/Trucks","http://www.nasdaq.com/symbol/sts",
"SYRG","Synergy Resources Corporation","12.62","979515863.48","n/a","n/a","Energy","Oil & Gas Production","http://www.nasdaq.com/symbol/syrg",
"SYN","Synthetic Biologics, Inc","2.11","123336944.08","n/a","n/a","Health Care","Major Pharmaceuticals","http://www.nasdaq.com/symbol/syn",
"TRX","Tanzanian Royalty Exploration Corporation","2.1","212784348","n/a","n/a","Basic Industries","Precious Metals","http://www.nasdaq.com/symbol/trx",
"TGB","Taseko Mines Limited","2.02","393900919.1","n/a","n/a","Basic Industries","Precious Metals","http://www.nasdaq.com/symbol/tgb",
"TAS","Tasman Metals Ltd","0.86","56882052.92","n/a","n/a","Basic Industries","Precious Metals","http://www.nasdaq.com/symbol/tas",
"TRC/WS","Tejon Ranch Co","2.17","0","n/a","n/a","n/a","n/a","http://www.nasdaq.com/symbol/trc/ws",
"TIK","Tel-Instrument Electronics Corp.","5.65","18370336.55","n/a","n/a","Capital Goods","Electrical Products","http://www.nasdaq.com/symbol/tik",
"TGC","Tengasco, Inc.","0.431","26223080.003","n/a","n/a","Energy","Oil & Gas Production","http://www.nasdaq.com/symbol/tgc",
"GLU","The Gabelli Global Utility and Income Trust","19.82","81488166.02","n/a","2004","n/a","n/a","http://www.nasdaq.com/symbol/glu",
"GLU^A","The Gabelli Global Utility and Income Trust","50.6","0","n/a","n/a","n/a","n/a","http://www.nasdaq.com/symbol/glu^a",
"TXMD","TherapeuticsMD, Inc.","6.25","973798531.25","n/a","n/a","Health Care","Major Pharmaceuticals","http://www.nasdaq.com/symbol/txmd",
"TPI","Tianyin Pharmaceutical Co., Inc.","0.69","20308625.79","n/a","n/a","Health Care","Major Pharmaceuticals","http://www.nasdaq.com/symbol/tpi",
"IDI","Tiger Media, Inc.","0.5555","19776208.848","n/a","n/a","Consumer Services","Advertising","http://www.nasdaq.com/symbol/idi",
"TLR","Timberline Resources Corporation","0.0759","5704953.8238","n/a","n/a","Basic Industries","Precious Metals","http://www.nasdaq.com/symbol/tlr",
"TGD","Timmons Gold Corp","1.42","232251478.18","n/a","2011","Basic Industries","Precious Metals","http://www.nasdaq.com/symbol/tgd",
"TOF","Tofutti Brands Inc.","4.23","21800176.38","n/a","n/a","Consumer Non-Durables","Specialty Foods","http://www.nasdaq.com/symbol/tof",
"TMP","Tompkins Financial Corporation","45.54","676425612.06","n/a","n/a","Finance","Major Banks","http://www.nasdaq.com/symbol/tmp",
"TAT","Transatlantic Petroleum Ltd","9.68","362805974.08","n/a","n/a","Energy","Oil & Gas Production","http://www.nasdaq.com/symbol/tat",
"TRXC","TransEnterix, Inc.","3.97","250030858.05","n/a","n/a","Health Care","Medical/Dental Instruments","http://www.nasdaq.com/symbol/trxc",
"TPLM","Triangle Petroleum Corporation","11.38","981535298.9","n/a","n/a","Energy","Oil & Gas Production","http://www.nasdaq.com/symbol/tplm",
"TRT","Trio-Tech International","4.3","15106136.5","n/a","n/a","Technology","Industrial Machinery/Components","http://www.nasdaq.com/symbol/trt",
"HTM","U.S. Geothermal Inc.","0.5939","61685898.62","n/a","n/a","Public Utilities","Electric Utilities: Central","http://www.nasdaq.com/symbol/htm",
"UAMY","United States Antimony Corporation","1.18","75441605.52","n/a","n/a","Capital Goods","Metal Fabrications","http://www.nasdaq.com/symbol/uamy",
"UUU","Universal Security Instruments, Inc.","4.066","9404198.542","n/a","n/a","Consumer Non-Durables","Electronic Components","http://www.nasdaq.com/symbol/uuu",
"UQM","UQM TECHNOLOGIES INC","1.46","59041948.86","n/a","n/a","Capital Goods","Industrial Machinery/Components","http://www.nasdaq.com/symbol/uqm",
"URG","Ur Energy Inc","1.14","147361737.48","n/a","n/a","Basic Industries","Precious Metals","http://www.nasdaq.com/symbol/urg",
"URZ","Uranerz Energy Corporation","1.17","112105078.02","n/a","n/a","Basic Industries","Precious Metals","http://www.nasdaq.com/symbol/urz",
"UEC","Uranium Energy Corp.","1.42","129676541.36","n/a","n/a","Basic Industries","Precious Metals","http://www.nasdaq.com/symbol/uec",
"VTG","Vantage Drilling Company","1.68","514416700.56","n/a","n/a","Energy","Oil & Gas Production","http://www.nasdaq.com/symbol/vtg",
"VSR","Versar, Inc.","3.22","31285017.68","n/a","1986","Consumer Services","Military/Government/Technical","http://www.nasdaq.com/symbol/vsr",
"VII","Vicon Industries, Inc.","3.22","14561918.7","n/a","n/a","Consumer Durables","Telecommunications Equipment","http://www.nasdaq.com/symbol/vii",
"VHC","VirnetX Holding Corp","15.4","794193030.4","n/a","n/a","Miscellaneous","Multi-Sector Companies","http://www.nasdaq.com/symbol/vhc",
"VGZ","Vista Gold Corporation","0.4501","37032075.1717","n/a","n/a","Basic Industries","Precious Metals","http://www.nasdaq.com/symbol/vgz",
"VISI","Volt Information Sciences, Inc.","9.25","192980853.75","n/a","n/a","n/a","n/a","http://www.nasdaq.com/symbol/visi",
"EAD","Wells Fargo Advantage Income Opportunities Fund","9.14","648784629.14","n/a","2003","n/a","n/a","http://www.nasdaq.com/symbol/ead",
"ERC","Wells Fargo Advantage Multi-Sector Income Fund","14.32","602227600","n/a","2003","n/a","n/a","http://www.nasdaq.com/symbol/erc",
"ERH","Wells Fargo Advantage Utilities and High Income Fund","12.7","117236024.1","n/a","2004","n/a","n/a","http://www.nasdaq.com/symbol/erh",
"WGA","Wells-Gardner Electronics Corporation","1.45","17067950","n/a","n/a","Technology","Radio And Television Broadcasting And Communications Equipment","http://www.nasdaq.com/symbol/wga",
"SBI","Western Asset Intermediate Muni Fund Inc","9.8","137953757.2","n/a","1992","n/a","n/a","http://www.nasdaq.com/symbol/sbi",
"WRN","Western Copper and Gold Corporation","0.6633","62457391.2699","n/a","2011","Basic Industries","Precious Metals","http://www.nasdaq.com/symbol/wrn",
"WYY","WidePoint Corporation","1.65","120665041.2","n/a","n/a","Technology","EDP Services","http://www.nasdaq.com/symbol/wyy",
"WTT","Wireless Telecom Group,  Inc.","2.45","47558064.75","n/a","n/a","Capital Goods","Electrical Products","http://www.nasdaq.com/symbol/wtt",
"YUMA","Yuma Energy, Inc.","5.15","24658637.75","n/a","n/a","n/a","n/a","http://www.nasdaq.com/symbol/yuma",
"ZBB","ZBB Energy Corporation","1.07","41753726.18","n/a","2007","Public Utilities","Electric Utilities: Central","http://www.nasdaq.com/symbol/zbb",
